query,categoria
¿Quién es el creador del juego?,relaciones
¿Qué juego relacionado existe?,relaciones
¿Cómo se gana?,informacion
¿Qué hacer si pierdo mi última ficha?,informacion
¿Qué es lo más divertido de Tiny Towns?,informacion
¿Cuántos jugadores admite el juego?,estadisticas
¿Cuántos jugadores activos tiene el juego?,estadisticas
¿Cuál es el precio en Amazon?,estadisticas
¿Qué puntaje tiene el juego según la comunidad?,estadisticas
¿Qué hago cuando empieza mi turno?,informacion
¿Qué edad debo tener para jugar?,estadisticas
¿Qué otros juegos creó el creador?,relaciones
¿Cuál es la parte más divertida de jugar?,informacion
¿Cuál es la condición de victoria?,informacion
¿Puede haber más de un ganador?,informacion
¿Quién diseñó la parte gráfica del juego?,relaciones
¿Es Tiny Towns parte de una saga?,relaciones
¿Cómo funcionan los recursos en Tiny Towns?,informacion
¿Puedo construir en cualquier lugar?,informacion
¿Se puede reubicar un edificio una vez construido?,informacion
¿Desde qué edad se puede jugar Tiny Towns?,estadisticas
¿Se puede jugar con 2 personas?,estadisticas
¿Hay app oficial de Tiny Towns?,informacion
¿Cuánto tiempo dura una partida de Tiny Towns?,estadisticas
¿Qué editorial publicó Tiny Towns?,relaciones
¿Cuándo fue lanzado Tiny Towns?,estadisticas
¿Cómo se determina el ganador?,informacion
¿Qué pasa cuando no puedo construir más edificios?,informacion
¿Hay diferentes tipos de edificios?,informacion
¿Qué mecánicas de juego utiliza Tiny Towns?,informacion
¿Cuál es el número máximo de jugadores?,estadisticas
¿Cuál es el número mínimo de jugadores?,estadisticas
¿Qué precio tiene el juego en tiendas?,estadisticas
¿Existe versión digital del juego?,informacion
¿Quién ilustró las cartas de Tiny Towns?,relaciones
¿Hay expansiones disponibles?,relaciones
¿Qué juegos similares a Tiny Towns existen?,relaciones
¿Cuántas cartas tiene el juego base?,estadisticas
¿Qué materiales incluye la caja?,informacion
¿Cómo se colocan los recursos en el tablero?,informacion
¿Qué sucede cuando se llena el tablero?,informacion
¿Hay estrategias recomendadas para principiantes?,informacion
¿Cuál es la calificación en BoardGameGeek?,estadisticas
¿Qué complejidad tiene Tiny Towns?,estadisticas
¿Se puede jugar en solitario?,estadisticas
¿Hay torneos oficiales de Tiny Towns?,estadisticas
¿Qué tipos de recursos existen en el juego?,informacion
¿Cómo se construyen los edificios?,informacion
¿Qué es un patrón de construcción?,informacion
¿Puedo rotar los patrones de edificios?,informacion
¿Hay edificios únicos por jugador?,informacion
¿Qué pasa si dos jugadores empatan?,informacion
¿Cómo funcionan las cartas de edificios?,informacion
¿Hay penalizaciones por espacios vacíos?,informacion
¿Qué es el desempate en Tiny Towns?,informacion
¿Cuántas rondas tiene una partida?,informacion
¿Hay límite de tiempo por turno?,informacion
¿Qué significa "colocación simultánea"?,informacion
¿Hay diferentes modos de juego?,informacion
¿Qué es el modo maestro constructor?,informacion
¿Cómo se elige quién va primero?,informacion
¿Hay cartas de eventos especiales?,informacion
¿Qué son los monumentos en Tiny Towns?,informacion
¿Puedo intercambiar recursos con otros jugadores?,informacion
¿Hay recursos comodín?,informacion
¿Qué pasa si no puedo colocar un recurso?,informacion
¿Hay edificios que dan recursos?,informacion
¿Qué es la fase de construcción?,informacion
¿Cómo se puntúan los edificios?,informacion
¿Hay bonificaciones por tipos de edificios?,informacion
¿Qué es un edificio de producción?,informacion
¿Cómo funcionan las cartas de referencia?,informacion
¿Hay variantes de reglas?,informacion
¿Qué es el tablero de jugador?,informacion
¿Cómo se distribuyen los recursos iniciales?,informacion
¿Hay edificios de varios pisos?,informacion
¿Qué significa "eficiente" en Tiny Towns?,informacion
¿Cómo se calcula el puntaje final?,informacion
¿Hay edificios que restan puntos?,informacion
¿Qué es una ciudad completa?,informacion
¿Puedo construir el mismo edificio varias veces?,informacion
¿Hay límite de edificios por tipo?,informacion
¿Qué es el modo campaña?,informacion
¿Cómo se usan las cartas de recursos?,informacion
¿Hay edificios que requieren otros edificios?,informacion
¿Qué es la planificación anticipada?,informacion
¿Cómo afecta el orden de construcción?,informacion
¿Hay edificios especiales?,informacion
¿Qué es optimizar el espacio?,informacion
¿Cómo se manejan los conflictos de reglas?,informacion
¿Hay penalizaciones por construcción incorrecta?,informacion
¿Qué es la gestión de recursos?,informacion
¿Cómo se adapta el juego a diferentes números de jugadores?,informacion
¿Hay edificios exclusivos por expansión?,relaciones
¿Qué compañía distribuye Tiny Towns?,relaciones
¿Tiene Tiny Towns secuela?,relaciones
¿Qué otros juegos de construcción recomienda?,relaciones
¿Hay colaboraciones con otros juegos?,relaciones
¿Quién hizo el arte conceptual?,relaciones
¿Hay versiones en otros idiomas?,relaciones
¿Qué tiendas venden Tiny Towns?,relaciones
¿Hay juegos inspirados en Tiny Towns?,relaciones
¿Qué diseñadores influyeron en el creador?,relaciones
¿Hay comunidad oficial de jugadores?,relaciones
¿Qué premios ha ganado Tiny Towns?,relaciones
¿Hay podcast dedicado al juego?,relaciones
¿Qué youtubers reseñan Tiny Towns?,relaciones
¿Hay grupo de Facebook oficial?,relaciones
¿Qué convenciones presentan Tiny Towns?,relaciones
¿Hay merchandising oficial?,relaciones
¿Qué tienda online es oficial?,relaciones
¿Hay colaboración con diseñadores famosos?,relaciones
¿Qué influencers hablan del juego?,relaciones
¿Hay crossover con otros juegos de mesa?,relaciones
¿Qué críticos especializados lo reseñaron?,relaciones
¿Hay evento especial de lanzamiento?,relaciones
¿Qué plataformas digitales lo incluyen?,relaciones
¿Hay adaptación para móviles?,relaciones
¿Qué estudios han adaptado el juego?,relaciones
¿Hay serie o película basada en Tiny Towns?,relaciones
¿Qué libros de estrategia existen?,relaciones
¿Hay competencia oficial internacional?,relaciones
¿Qué organizaciones patrocinan torneos?,relaciones
¿Cuántas copias se han vendido?,estadisticas
¿Qué ranking tiene en ventas?,estadisticas
¿Cuántos idiomas están disponibles?,estadisticas
¿Qué calificación tiene en Amazon?,estadisticas
¿Cuántas reseñas tiene en BGG?,estadisticas
¿Qué porcentaje de jugadores lo recomienda?,estadisticas
¿Cuál es la edad promedio de los jugadores?,estadisticas
¿Qué porcentaje juega en familia?,estadisticas
¿Cuántos minutos promedio dura una partida?,estadisticas
¿Qué porcentaje prefiere el modo solitario?,estadisticas
¿Cuántas expansiones se han lanzado?,estadisticas
¿Qué precio promedio tiene en el mercado?,estadisticas
¿Cuántas tiendas lo venden?,estadisticas
¿Qué descuento máximo ha tenido?,estadisticas
¿Cuántos jugadores únicos tiene online?,estadisticas
¿Qué porcentaje de reseñas son positivas?,estadisticas
¿Cuál es la calificación promedio?,estadisticas
¿Cuántos países lo distribuyen?,estadisticas
¿Qué posición tiene en rankings de juegos?,estadisticas
¿Cuántas partidas se juegan por día?,estadisticas
¿Qué porcentaje son jugadores nuevos?,estadisticas
¿Cuál es el tiempo de juego más común?,estadisticas
¿Qué porcentaje juega con 4 jugadores?,estadisticas
¿Cuántos componentes tiene la caja?,estadisticas
¿Qué peso tiene el juego completo?,estadisticas
¿Cuántas páginas tiene el manual?,estadisticas
¿Qué dimensiones tiene la caja?,estadisticas
¿Cuántos cubos de recursos incluye?,estadisticas
¿Qué porcentaje prefiere expansiones?,estadisticas
¿Cuál es la edad mínima recomendada?,estadisticas
¿Qué porcentaje son jugadores casuales?,estadisticas
¿Cuántos torneos se organizan al año?,estadisticas
¿Qué premio máximo han otorgado en torneos?,estadisticas
¿Cuántos jugadores han participado en torneos?,estadisticas
¿Qué porcentaje de jugadores son mujeres?,estadisticas
¿Cuál es el récord de partidas consecutivas?,estadisticas
¿Qué porcentaje juega online vs físico?,estadisticas
¿Cuántas variantes de reglas existen?,estadisticas
¿Qué porcentaje usa cartas promocionales?,estadisticas
¿Cuál es el puntaje más alto registrado?,estadisticas
¿Qué porcentaje termina todas las partidas?,estadisticas
¿Cuántos errores de reglas reportan principiantes?,estadisticas
¿Qué porcentaje compra expansiones?,estadisticas
¿Cuál es el tiempo de setup promedio?,estadisticas
¿Qué porcentaje juega con reglas caseras?,estadisticas
¿Cuántos clubes de juego lo incluyen?,estadisticas
¿Qué porcentaje lo considera su juego favorito?,estadisticas
¿Cuál es la partida más larga registrada?,informacion
¿Cuál es el grupo de edad más activo?,estadisticas
¿Qué porcentaje juega en cafés de juegos?,estadisticas
¿Cuáles son las reglas básicas del juego?,informacion
¿Cómo inicio una partida de Tiny Towns?,informacion
¿Qué necesito para jugar?,informacion
¿Cómo preparo el juego?,informacion
¿Cuál es el objetivo principal?,informacion
¿Qué hago en cada turno?,informacion
¿Cómo termina la partida?,informacion
¿Qué estrategias básicas funcionan?,informacion
¿Cómo evito errores comunes?,informacion
¿Qué consejos hay para principiantes?,informacion
¿Cómo mejoro mi juego?,informacion
¿Qué errores evitar?,informacion
¿Cómo planifico mi ciudad?,informacion
¿Qué importancia tiene la posición?,informacion
¿Cómo uso eficientemente el espacio?,informacion
¿Qué significa jugar defensivamente?,informacion
¿Cómo hago counter las estrategias rivales?,informacion
¿Qué es el bluffing en Tiny Towns?,informacion
¿Cómo leo las intenciones de otros jugadores?,informacion
¿Qué importancia tiene el timing?,informacion
¿Cómo adapto mi estrategia durante el juego?,informacion
¿Qué hago cuando mis planes se arruinan?,informacion
¿Cómo recovery de una mala decisión?,informacion
¿Qué significa flexibilidad en la estrategia?,informacion
¿Cómo balanceo riesgo y seguridad?,informacion
¿Qué es el meta-juego?,informacion
¿Cómo afecta el número de jugadores a la estrategia?,informacion
¿Qué diferencias hay entre jugar con 2 vs 6 jugadores?,informacion
¿Cómo cambia la dinámica del juego?,informacion
¿Cómo priorizo mis construcciones?,informacion
¿Qué es el tempo en Tiny Towns?,informacion
¿Cómo manejo la presión de otros jugadores?,informacion
¿Qué hago cuando todos eligen recursos que no necesito?,informacion
¿Qué es la economía de acciones?,informacion
¿Cómo minimizo espacios perdidos?,informacion
¿Qué es la sinergia entre edificios?,informacion
¿Cómo creo combos efectivos?,informacion
¿Qué es el pacing en construcciones?,informacion
¿Cómo manejo múltiples opciones de construcción?,informacion
¿Cómo analizo la posición de todos los jugadores?,informacion
¿Qué señales debo observar en otros jugadores?,informacion
¿Cómo predecir las próximas elecciones de recursos?,informacion
¿Qué es el juego posicional?,informacion
¿Qué es la tensión en Tiny Towns?,informacion
¿Cómo crear presión en otros jugadores?,informacion
¿Qué es la información asimétrica?,informacion
¿Cómo uso la información que otros no tienen?,informacion
¿Qué es el hidden information?,informacion
¿Cómo manejo la incertidumbre?,informacion
¿Qué es la variabilidad del juego?,informacion
¿Por qué cada partida es diferente?,informacion
¿Qué rol juega la suerte?,informacion
¿Cómo minimizar el factor suerte?,informacion
¿Cómo demostrar skill consistentemente?,informacion
¿Cuánto tiempo toma dominar el juego?,informacion
¿Hay límite a cuánto puedo mejorar?,informacion
¿Tiene escena competitiva?,informacion
¿Cómo entro en torneos?,informacion
¿Cómo balancear diversión y competitividad?,informacion
¿Cómo ser un buen oponente?,informacion
¿Cuándo crear reglas propias?,informacion
¿Cómo experimentar con el juego?,informacion
¿Cómo hacer el juego inclusivo?,informacion
¿Cómo enseño Tiny Towns efectivamente?,informacion
¿Hay demos del juego?,informacion
¿Cómo structuro una partida de enseñanza?,informacion
¿Qué es el onboarding process?,informacion
¿Cómo atraer nuevos jugadores?,informacion
¿Cómo impulso una comunidad local?,informacion
¿Cómo hosteo un torneo local?,informacion
¿Cómo transporto el juego?,informacion
¿Qué piezas hay en la caja?,informacion
¿Cómo evaluar el estado del juego?,informacion
¿Cómo maintener el valor del juego?,informacion
¿Cuándo vender mi copia y por cuánto?,informacion
¿Tiene beneficios cognitivos?,informacion
¿Puede ser didactico?,informacion
¿Qué hace único a Tiny Towns?,informacion
¿En qué se diferencia de otros juegos de construcción?,informacion
¿Por qué es tan popular Tiny Towns?,informacion
¿Qué lo hace adictivo?,informacion
¿Cuál es el elemento más innovador?,informacion
¿Qué mecánica es más original?,informacion
¿Por qué gusta tanto a las familias?,informacion
¿Qué lo hace accesible para todos?,informacion
¿Cuál es el mayor desafío del juego?,informacion
¿Qué es lo más difícil de dominar?,informacion
¿Por qué es tan rejugable?,informacion
¿Qué garantiza la variedad?,informacion
¿Cuál es la curva de aprendizaje?,informacion
¿Qué tan rápido se aprende?,informacion
¿Por qué es considerado un gateway game?,informacion
¿Qué lo hace perfecto para principiantes?,informacion
¿Cuál es el elemento más frustrante?,informacion
¿Qué puede molestar a los jugadores?,informacion
¿Por qué algunos no disfrutan el juego?,informacion
¿Qué críticas recibe Tiny Towns?,informacion
¿Cuál es el mayor punto fuerte?,informacion
¿Qué es lo mejor del juego?,informacion
¿Por qué debería comprarlo?,informacion
¿Qué otros juegos creó el creador?,relaciones
¿Cuál es la parte más divertida de jugar?,informacion
¿Cuál es la condición de victoria?,informacion
¿Puede haber más de un ganador?,informacion
¿Quién diseñó la parte gráfica del juego?,relaciones
¿Es Tiny Towns parte de una saga?,relaciones
¿Cómo funcionan los recursos en Tiny Towns?,informacion
¿Puedo construir en cualquier lugar?,informacion
¿Se puede reubicar un edificio una vez construido?,informacion
¿Desde qué edad se puede jugar Tiny Towns?,estadisticas
¿Se puede jugar con 2 personas?,estadisticas
¿Hay app oficial de Tiny Towns?,informacion
¿Quién publicó Tiny Towns?,relaciones
¿Cuál es la editorial del juego?,relaciones
¿Hay expansiones disponibles?,relaciones
¿Qué expansiones existen para Tiny Towns?,relaciones
¿Cuándo salió el juego por primera vez?,estadisticas
¿En qué año se lanzó Tiny Towns?,estadisticas
¿Cuánto dura una partida típica?,estadisticas
¿Cuál es la duración promedio de una partida?,estadisticas
¿Qué tan complejo es el juego?,estadisticas
¿Cuál es el nivel de dificultad?,estadisticas
¿Cómo se colocan los recursos?,informacion
¿Qué pasa si no puedo colocar un recurso?,informacion
¿Cómo funciona la cuadrícula 4x4?,informacion
¿Qué son los patrones de construcción?,informacion
¿Cómo se forman los edificios?,informacion
¿Qué tipos de edificios hay?,informacion
¿Cuántos recursos diferentes existen?,informacion
¿Cómo se eligen los recursos en cada turno?,informacion
¿Qué pasa cuando se llena la cuadrícula?,informacion
¿Cómo se calculan los puntos?,informacion
¿Qué edificios dan más puntos?,informacion
¿Hay penalizaciones por espacios vacíos?,informacion
¿Se puede jugar en solitario?,estadisticas
¿Tiene modo para un jugador?,estadisticas
¿Cuánto cuesta en promedio?,estadisticas
¿Dónde se puede comprar?,estadisticas
¿Está disponible en español?,estadisticas
¿Hay versión digital?,informacion
¿Existe versión online?,informacion
¿Se puede jugar por internet?,informacion
¿Qué materiales incluye la caja?,informacion
¿Cuántas cartas tiene el juego?,estadisticas
¿Qué tamaño tienen las fichas?,estadisticas
¿De qué material son los componentes?,informacion
¿Es resistente el material?,informacion
¿Quién ilustró las cartas?,relaciones
¿Quién hizo el arte del juego?,relaciones
¿Hay colaboradores en el diseño?,relaciones
¿Qué otros trabajos tiene el diseñador?,relaciones
¿Hay entrevistas con el creador?,relaciones
¿Cuándo fue anunciado por primera vez?,estadisticas
¿En qué convenciones se presentó?,estadisticas
¿Ganó algún premio?,estadisticas
¿Qué reconocimientos ha recibido?,estadisticas
¿Es popular en la comunidad gamer?,estadisticas
¿Qué opinan los críticos?,estadisticas
¿Hay reseñas profesionales?,estadisticas
¿Cuál es la calificación en BoardGameGeek?,estadisticas
¿Qué posición ocupa en rankings?,estadisticas
¿Es recomendado para principiantes?,informacion
¿Es difícil de aprender?,informacion
¿Cuánto tiempo toma explicar las reglas?,informacion
¿Hay tutorial disponible?,informacion
¿Dónde puedo ver las reglas?,informacion
¿Hay videos explicativos?,informacion
¿Existen guías de estrategia?,informacion
¿Qué estrategias básicas recomiendas?,informacion
¿Cómo optimizar el espacio?,informacion
¿Qué edificios construir primero?,informacion
¿Es mejor especializar o diversificar?,informacion
¿Cómo manejar los recursos escasos?,informacion
¿Qué hacer cuando otros eligen recursos que no necesito?,informacion
¿Se puede bloquear a otros jugadores?,informacion
¿Hay elemento de suerte?,informacion
¿Influye mucho el azar?,informacion
¿Es más estrategia o suerte?,informacion
¿Se puede predecir el resultado?,informacion
¿Qué pasa si dos jugadores empatan?,informacion
¿Hay criterios de desempate?,informacion
¿Se puede terminar antes de tiempo?,informacion
¿Hay forma de acelerar la partida?,informacion
¿Se puede pausar el juego?,informacion
¿Es compatible con otros juegos?,relaciones
¿Se puede combinar con expansiones de otros juegos?,relaciones
¿Hay crossover con otras franquicias?,relaciones
¿Quién distribuyó el juego originalmente?,relaciones
¿Qué compañía maneja la distribución?,relaciones
¿Hay versiones internacionales?,estadisticas
¿En qué idiomas está disponible?,estadisticas
¿Hay diferencias entre versiones?,informacion
¿La versión en español está completa?,informacion
¿Hay erratas conocidas?,informacion
¿Se han corregido errores en nuevas ediciones?,informacion
¿Qué edición es la más actualizada?,informacion
¿Vale la pena comprar la última edición?,informacion
¿Hay descuentos frecuentes?,estadisticas
¿Cuándo baja de precio normalmente?,estadisticas
¿Es caro comparado con juegos similares?,estadisticas
¿Justifica su precio la calidad?,informacion
¿Qué incluye exactamente la caja base?,informacion
¿Necesito comprar algo adicional para jugar?,informacion
¿Las expansiones son necesarias?,informacion
¿Con qué expansión empezar?,informacion
¿Cuál es la mejor expansión?,informacion
¿Las expansiones son compatibles entre sí?,informacion
¿Añaden mucha complejidad las expansiones?,informacion
¿Cambian mucho el juego las expansiones?,informacion
¿Hay expansiones gratuitas?,estadisticas
¿Se planean más expansiones?,estadisticas
¿Qué tan activa está la comunidad?,estadisticas
¿Hay torneos oficiales?,estadisticas
¿Dónde se organizan competencias?,estadisticas
¿Hay ranking mundial?,estadisticas
¿Se puede participar en campeonatos?,informacion
¿Cómo me inscribo en torneos?,informacion
¿Hay premios en las competencias?,estadisticas
¿Qué tan competitivo es el ambiente?,informacion
¿Es adecuado para jugar en familia?,informacion
¿Lo disfrutan los niños?,informacion
¿Es apropiado para todas las edades?,informacion
¿Pueden jugar adultos mayores?,informacion
¿Es inclusivo para personas con discapacidades?,informacion
¿Hay adaptaciones para jugadores con limitaciones?,informacion
¿Es accesible el diseño?,informacion
¿Los colores son distinguibles?,informacion
¿Es fácil de manipular para manos pequeñas?,informacion
¿Se puede enseñar fácilmente?,informacion
¿Qué habilidades desarrolla?,informacion
¿Es educativo de alguna manera?,informacion
¿Mejora el pensamiento estratégico?,informacion
¿Ayuda con la planificación?,informacion
¿Fomenta la creatividad?,informacion
¿Enseña gestión de recursos?,informacion
¿Es bueno para desarrollar paciencia?,informacion
¿Mejora la concentración?,informacion
¿Hay versión de lujo?,estadisticas
¿Existen ediciones especiales?,estadisticas
¿Hay versión coleccionista?,estadisticas
¿Qué incluye la edición deluxe?,informacion
¿Vale la pena la versión premium?,informacion
¿Hay accesorios adicionales disponibles?,estadisticas
¿Se venden organizadores por separado?,estadisticas
¿Hay sleeves recomendados?,informacion
¿Necesito proteger las cartas?,informacion
¿Cómo almacenar mejor el juego?,informacion
¿Cómo organizar los componentes?,informacion
¿Se desgastan rápido las fichas?,informacion
¿Es duradero con uso frecuente?,informacion
¿Qué cuidados requiere?,informacion
¿Se puede reparar si se daña?,informacion
¿Hay repuestos disponibles?,estadisticas
¿La editorial reemplaza piezas perdidas?,informacion
¿Cómo contactar soporte técnico?,informacion
¿Hay garantía en los componentes?,informacion
¿Qué hacer si viene defectuoso?,informacion
¿Se puede devolver si no me gusta?,informacion
¿Hay período de prueba?,estadisticas
¿Dónde encontrar la comunidad oficial?,informacion
¿Hay foros dedicados al juego?,informacion
¿Existe subreddit de Tiny Towns?,informacion
¿Hay grupos de Facebook?,informacion
¿Dónde compartir estrategias?,informacion
¿Hay discord del juego?,informacion
¿Se hacen meetups presenciales?,estadisticas
¿Dónde buscar gente para jugar?,informacion
¿Hay clubes locales?,estadisticas
¿Se juega en cafeterías de juegos?,estadisticas
¿Lo tienen en ludotecas?,estadisticas
¿Se puede alquilar en algún lado?,estadisticas
¿Hay demos disponibles?,informacion
¿Puedo probarlo antes de comprarlo?,informacion
¿Dónde puedo jugarlo gratis?,informacion
¿Hay versión de prueba digital?,informacion
¿Existe simulador online?,informacion
¿Se puede jugar en Tabletop Simulator?,informacion
¿Hay mods para el juego?,informacion
¿Se puede modificar?,informacion
¿Hay reglas caseras populares?,informacion
¿Qué variantes existen?,informacion
¿Se puede jugar cooperativo?,informacion
¿Hay modo team?,informacion
¿Se puede adaptar para más jugadores?,informacion
¿Funciona con menos de 4 jugadores?,informacion
¿Es divertido a dos jugadores?,informacion
¿Qué cambia en el juego en solitario?,informacion
¿Hay bot o autómata para jugar solo?,informacion
¿Cómo es la experiencia individual?,informacion
¿Mantiene la emoción jugando solo?,informacion
¿Es rejugable?,informacion
¿Te cansas rápido del juego?,informacion
¿Cada partida es diferente?,informacion
¿Hay suficiente variabilidad?,informacion
¿Se vuelve repetitivo?,informacion
¿Cuántas partidas puedo jugar antes de aburrirme?,informacion
¿Qué le da rejugabilidad?,informacion
¿Las cartas cambian mucho cada partida?,informacion
¿Hay setup aleatorio?,informacion
¿Se puede personalizar la dificultad?,informacion
¿Hay niveles de juego?,informacion
¿Existe modo fácil?,informacion
¿Hay versión simplificada?,informacion
¿Se puede hacer más desafiante?,informacion
¿Qué añade dificultad?,informacion
¿Es frustrante para nuevos jugadores?,informacion
¿Se necesita mucha práctica?,informacion
¿Cuántas partidas para dominarlo?,informacion
¿Es fácil enseñar a otros?,informacion
¿Qué tan social es el juego?,informacion
¿Hay mucha interacción entre jugadores?,informacion
¿Se puede jugar mientras conversas?,informacion
¿Es competitivo o relajado?,informacion
¿Genera tensión?,informacion
¿Hay momentos emocionantes?,informacion
¿Es estresante?,informacion
¿Produce ansiedad?,informacion
¿Es contemplativo?,informacion
¿Da tiempo para pensar?,informacion
¿Hay presión de tiempo?,informacion
¿Se puede jugar con calma?,informacion
¿Es silencioso durante el juego?,informacion
¿Hay mucho ruido?,informacion
¿Qué ambiente genera?,informacion
¿Es inmersivo?,informacion
¿Te hace sentir como constructor?,informacion
¿La temática está bien integrada?,informacion
¿Importa el tema o es abstracto?,informacion
¿Se siente como construir una ciudad?,informacion
¿El arte ayuda a la inmersión?,informacion
¿Los componentes son temáticos?,informacion
¿Las mecánicas encajan con el tema?,informacion
¿Es creíble la construcción?,informacion
¿Se entiende bien la temática?,informacion
¿Es atractivo visualmente?,informacion
¿Los colores son agradables?,informacion
¿El diseño gráfico es claro?,informacion
¿Se ven bien las ilustraciones?,informacion
¿La tipografía es legible?,informacion
¿Los iconos son claros?,informacion
¿Es intuitivo el diseño?,informacion
¿Se confunden los símbolos?,informacion
¿Hay problemas de claridad visual?,informacion
¿Es bonito en la mesa?,informacion
¿Impresiona cuando lo ves?,informacion
¿Llama la atención?,informacion
¿Es fotogénico?,informacion
¿Queda bien en fotos?,informacion
¿Es instagrameable?,informacion
¿Genera buen contenido para redes?,informacion
¿Se puede hacer streaming?,informacion
¿Es interesante para espectadores?,informacion
¿Se entiende viendo a otros jugar?,informacion
¿Es aburrido de observar?,informacion
¿Qué tan espectacular es?,informacion
¿Hay momentos wow?,informacion
¿Sorprende durante la partida?,informacion
¿Tiene giros inesperados?,informacion
¿Es predecible?,informacion
¿Puedes planificar a largo plazo?,informacion
¿Cambia mucho la situación?,informacion
¿Hay comeback posibles?,informacion
¿Se puede remontar si vas perdiendo?,informacion
¿Es obvio quién va ganando?,informacion
¿Se puede calcular el puntaje durante el juego?,informacion
¿Hay información oculta?,informacion
¿Todo es público?,informacion
¿Hay secretos entre jugadores?,informacion
¿Se puede hacer bluff?,informacion
¿Hay engaño?,informacion
¿Es honesto el juego?,informacion
¿Depende de la suerte del draw?,informacion
¿Las cartas pueden arruinar una estrategia?,informacion
¿Hay mitigación del azar?,informacion
¿Se pueden tomar decisiones informadas?,informacion
¿Control vs azar qué predomina?,informacion
¿Es justo para todos?,informacion
¿Hay ventajas de posición?,informacion
¿Importa el orden de juego?,informacion
¿Quién empieza tiene ventaja?,informacion
¿Se rota el primer jugador?,informacion
¿Hay compensación por ir último?,informacion
¿Está balanceado?,informacion
¿Hay estrategias dominantes?,informacion
¿Todas las estrategias son viables?,informacion
¿Se puede ganar de múltiples formas?,informacion
¿Hay un camino claro a la victoria?,informacion
¿Es obvio qué hacer?,informacion
¿Hay decisiones difíciles?,informacion
¿Te hace dudar?,informacion
¿Hay dilemas interesantes?,informacion
¿Todas las opciones son buenas?,informacion
¿Hay traps o trampas para novatos?,informacion
¿Es fácil cometer errores graves?,informacion
¿Se puede recuperar de un mal movimiento?,informacion
¿Los errores son fatales?,informacion
¿Es perdonador con principiantes?,informacion
¿Hay curva de aprendizaje pronunciada?,informacion
¿Mejoras rápido jugando?,informacion
¿Se nota la experiencia?,informacion
¿Los veteranos siempre ganan?,informacion
¿Puede ganar un novato?,informacion
¿Hay factor suerte que nivele?,informacion
¿Es skill-based?,informacion
¿Recompensa la habilidad?,informacion
¿Se puede ser malo jugando?,informacion
¿Hay ceiling de habilidad alto?,informacion
¿Se puede masterizar?,informacion
¿Siempre hay algo nuevo que aprender?,informacion
¿Es profundo estratégicamente?,informacion
¿Tiene capas de complejidad?,informacion
¿Hay meta-juego?,informacion
¿Evoluciona la forma de jugarlo?,informacion
¿Hay descubrimientos nuevos?,informacion
¿La comunidad encuentra nuevas estrategias?,informacion
¿Se mantiene fresco?,informacion
¿Envejece bien?,informacion
¿Sigue siendo relevante?,informacion
¿Ha resistido el paso del tiempo?,informacion
¿Sigue siendo popular?,estadisticas
¿Ha perdido popularidad?,estadisticas
¿Está de moda?,estadisticas
¿Es un clásico moderno?,informacion
¿Será recordado en el futuro?,informacion
¿Influyó en otros juegos?,relaciones
¿Hay juegos que lo copiaron?,relaciones
¿Estableció algún precedente?,relaciones
¿Es innovador?,informacion
¿Qué aporta de nuevo?,informacion
¿Había algo similar antes?,relaciones
¿En qué se inspira?,relaciones
¿Qué juegos influyeron en su diseño?,relaciones
¿Tiene mecánicas únicas?,informacion
¿Combina bien diferentes mecánicas?,informacion
¿Las mecánicas se sienten integradas?,informacion
¿Hay mecánicas que sobran?,informacion
¿Está overdesigned?,informacion
¿Es elegante en su diseño?,informacion
¿Hay reglas innecesarias?,informacion
¿Es minimalista?,informacion
¿Tiene lo justo y necesario?,informacion
¿Falta algo al juego?,informacion
¿Qué le añadirías?,informacion
¿Qué le quitarías?,informacion
¿Está bien balanceado como está?,informacion
¿Necesita house rules?,informacion
¿Hay reglas opcionales oficiales?,informacion
¿Se puede modular la experiencia?,informacion
¿Hay diferentes modos de juego?,informacion
¿Todas las cartas son útiles?,informacion
¿Hay cartas más poderosas?,informacion
¿Está bien el poder level?,informacion
¿Hay combos rotos?,informacion
¿Se puede explotar alguna mecánica?,informacion
¿Hay interacciones no intencionadas?,informacion
¿El diseñador consideró todo?,informacion
¿Hay edge cases problemáticos?,informacion
¿Las reglas cubren todo?,informacion
¿Hay ambigüedades en las reglas?,informacion
¿El manual es claro?,informacion
¿Hay FAQs oficiales?,informacion
¿Dónde buscar aclaraciones?,informacion
¿Hay dudas comunes?,informacion
¿Qué reglas se malinterpretan más?,informacion
¿Es fácil enseñar correctamente?,informacion
¿Se juega mal frecuentemente?,informacion
¿Hay errores típicos de novatos?,informacion
¿Qué consejos darías a nuevos jugadores?,informacion
¿Cuál es el error más común?,informacion
¿Qué no hacer en Tiny Towns?,informacion
¿Cuáles son las mejores prácticas?,informacion
¿Hay etiqueta especial del juego?,informacion
¿Cómo ser un buen oponente?,informacion
¿Es competitivo de forma tóxica?,informacion
¿Genera mal ambiente?,informacion
¿Hay salt cuando pierdes?,informacion
¿Es frustrante perder?,informacion
¿Se disfruta aunque no ganes?,informacion
¿Importa mucho ganar?,informacion
¿Es el viaje o el destino?,informacion
¿Qué es lo mejor del juego?,informacion
¿Cuál es su mayor fortaleza?,informacion
¿Qué lo hace especial?,informacion
¿Por qué recomendarlo?,informacion
¿A quién se lo recomendarías?,informacion
¿A quién no se lo recomendarías?,informacion
¿Qué tipo de jugador lo disfrutaría?,informacion
¿Hay perfil específico de jugador?,informacion
¿Es para cualquiera?,informacion
¿Tiene limitaciones de audiencia?,informacion
¿Es nicho o mainstream?,informacion
¿Lo entiende cualquier persona?,informacion
¿Necesitas ser gamer para disfrutarlo?,informacion
¿Es gateway game?,informacion
¿Es buen primer juego moderno?,informacion
¿Con qué compararlo para explicarlo?,relaciones
¿A qué se parece más?,relaciones
¿Es como Tetris?,relaciones
¿Recuerda a otros juegos de construcción?,relaciones
¿Qué otros juegos de patrones hay?,relaciones
¿Es similar a Patchwork?,relaciones
¿Se parece a Azul?,relaciones
¿Tiene algo de Splendor?,relaciones
¿Es como juegos de puzzles?,relaciones
¿Qué juegos complementa bien?,relaciones
¿Con qué otros combina en una sesión?,relaciones
¿Qué jugar antes o después?,relaciones
¿Es buen warm-up?,informacion
¿Es buen closer?,informacion
¿Funciona como filler?,informacion
¿Es demasiado pesado para filler?,informacion
¿Cuánta energía mental requiere?,informacion
¿Es relajante o demandante?,informacion
¿Se puede jugar casualmente?,informacion
¿Requiere máxima concentración?,informacion
¿Se puede jugar distraído?,informacion
¿Funciona como background game?,informacion
¿Es buen party game?,informacion
¿Escala bien con más jugadores?,informacion
¿Hay diferencia notable entre 2 y 6 jugadores?,informacion
¿Cuál es el número ideal de jugadores?,informacion
¿Con cuántos se disfruta más?,informacion
¿Se recomienda algún número específico?,informacion
¿Hay sweet spot de jugadores?,informacion
¿Es muy diferente con pocos jugadores?,informacion
¿Cambia mucho la dinámica?,informacion
¿Se mantiene interesante?,informacion
¿Vale la pena en todas las configuraciones?,informacion